Model,k,Percentage sub cell_type matches,Percentage cell type matches,Label transfer accuracy,Sub Label transfer accuracy,Silhouette score
TopoGAN,5,90.99116404149059,96.25432193622743,96.20630042258932,90.91432961966962,0.25087614904899047
TopoGAN,50,91.2985017287745,96.30234344986553,96.26392623895505,91.28889742604687,0.25087614904899047
TopoGAN,100,90.81828659239339,96.01421436803687,96.00461006530927,90.83749519784864,0.25087614904899047
