Model,k,Percentage sub cell_type matches,Percentage cell type matches,Label transfer accuracy,Sub Label transfer accuracy,Silhouette score
TopoGAN,5,13.71264838313549,20.13917314776914,20.289261836539772,14.858780188293084,-0.060467845315844884
TopoGAN,50,18.33810888252149,23.90503479328694,23.959612498294447,18.624641833810887,-0.060467845315844884
TopoGAN,100,19.934506753990995,25.051166598444535,25.10574430345204,19.934506753990995,-0.060467845315844884
